{"Date":{"0":1546732800000,"1":1548028800000,"2":1549324800000,"3":1550620800000,"4":1551916800000,"5":1553212800000,"6":1554508800000,"7":1555804800000,"8":1557100800000,"9":1558396800000,"10":1559692800000,"11":1560988800000,"12":1562284800000,"13":1563580800000,"14":1564876800000,"15":1566172800000,"16":1567468800000,"17":1568764800000,"18":1570060800000,"19":1571356800000,"20":1572652800000},"Average":{"0":44745481.6099999994,"1":null,"2":null,"3":null,"4":null,"5":null,"6":null,"7":null,"8":null,"9":29270455.7399999984,"10":null,"11":45350464.6099999994,"12":45340464.6099999994,"13":42347827.9433333352,"14":43091321.6099999994,"15":43705481.6099999994,"16":null,"17":44296403.6099999994,"18":43521403.6099999994,"19":42397508.1099999994,"20":42091321.6099999994}}